,o59jf,12345678,디핵,2736-11-1@test.com,010-9368-9368,서울시 정왕동,국제예술대학교,풍경사진학과,null
,u6et1,12345678,오존,3564-6-15@gmail.com,010-8924-8924,서울시 정왕동,예원예술대학교,사진영상드론학과,null
,2q4od,12345678,김아영,3577-2-17@gmail.com,010-5167-5167,서울시 정왕동,국제예술대학교,풍경사진학과,null
,8bwoz,12345678,이이남,3851-5-16@gmail.com,010-5874-5874,서울시 정왕동,백제예술대학교,스냅사진학과,null
,ryak1,12345678,김신아,2211-12-1@naver.com,010-0785-0785,서울시 정왕동,백석예술대학교,사진학과,null
,io390,12345678,김누리,3866-5-26@gmail.com,010-5621-5621,서울시 정왕동,예원예술대학교,사진영상드론학과,null
,vm016,12345678,정지은,2703-10-24@test.com,010-5967-5967,서울시 정왕동,한국예술종합학교,스냅사진학과,null
,e2f6u,12345678,오햄킹,3371-7-24@naver.com,010-1720-1720,서울시 정왕동,한국예술종합학교,사진영상드론학과,null
,hja4f,12345678,박진희,2915-1-12@test.com,010-2165-2165,서울시 정왕동,국제예술대학교,광고사진영상학과,null
,pi7lq,12345678,OurR(아월),3032-6-3@naver.com,010-3508-3508,서울시 정왕동,계원예술대학교,사진학과,null
,won4b,12345678,손민희,2213-4-23@test.com,010-3479-3479,서울시 정왕동,서울예술대학교,풍경사진학과,null
,3fbwu,12345678,최수진,3455-4-27@naver.com,010-0651-0651,서울시 정왕동,서울예술대학교,인물사진학과,null
,l0tep,12345678,수잔,2368-2-5@gmail.com,010-1532-1532,서울시 정왕동,서울예술대학교,인물사진학과,null
,z0gvd,12345678,무궁화소녀,2234-12-23@gmail.com,010-8503-8503,서울시 정왕동,백석예술대학교,풍경사진학과,null
,lsu1z,12345678,모베러웍스,3821-11-14@gmail.com,010-2657-2657,서울시 정왕동,부산예술대학교,사진영상드론학과,null
,4v3g6,12345678,정그림,2168-7-6@test.com,010-1953-1953,서울시 정왕동,정화예술대학교,인물사진학과,null
,2cp47,12345678,수목,3716-4-28@test.com,010-0237-0237,서울시 정왕동,예원예술대학교,풍경사진학과,null
,czx0k,12345678,최성민,2688-4-11@test.com,010-1904-1904,서울시 정왕동,서울예술대학교,인물사진학과,null
,8n01m,12345678,송일렌,2990-3-4@naver.com,010-2917-2917,서울시 정왕동,부산예술대학교,스냅사진학과,null
,rkhga,12345678,박귀섭,2051-11-24@test.com,010-4819-4819,서울시 정왕동,계원예술대학교,사진학과,null
,g3q0o,12345678,팀 밀라논나,3097-1-6@naver.com,010-4602-4602,서울시 정왕동,정화예술대학교,공연사진학과,null
,0o73m,12345678,피크닉,2173-9-4@gmail.com,010-7548-7548,서울시 정왕동,서울예술대학교,광고사진영상학과,null
,lj54c,12345678,현승재,3521-1-5@naver.com,010-8372-8372,서울시 정왕동,예원예술대학교,스냅사진학과,null
,n8szq,12345678,램씨,2242-4-16@gmail.com,010-6853-6853,서울시 정왕동,국제예술대학교,사진학과,null
,qvmkp,12345678,Miso,2063-1-11@test.com,010-5908-5908,서울시 정왕동,국제예술대학교,스냅사진학과,null
,axrob,12345678,라드,3667-10-4@test.com,010-8702-8702,서울시 정왕동,부산예술대학교,사진영상드론학과,null
,v3gx1,12345678,Klaxon vs. Klaxon,3546-1-14@test.com,010-6753-6753,서울시 정왕동,한국예술종합학교,인물사진학과,null
,3l2s7,12345678,류성실,2160-7-18@gmail.com,010-6014-6014,서울시 정왕동,정화예술대학교,사진예술과,null
,e6o1j,12345678,장재용,2534-1-27@naver.com,010-5763-5763,서울시 정왕동,대구예술대학교,사진예술과,null
,8f63j,12345678,이연,2769-8-1@gmail.com,010-4759-4759,서울시 정왕동,국제예술대학교,인물사진학과,null
,9kr6g,12345678,TEAM 8792,3579-4-14@gmail.com,010-6370-6370,서울시 정왕동,백석예술대학교,사진예술과,null
,0v3xa,12345678,유아연,3863-2-15@naver.com,010-7205-7205,서울시 정왕동,계원예술대학교,인물사진학과,null
,xm1se,12345678,펄이지엥,2869-6-9@gmail.com,010-3476-3476,서울시 정왕동,국제예술대학교,사진학과,null
,g6o9x,12345678,진존잼,3942-7-6@test.com,010-7182-7182,서울시 정왕동,국제예술대학교,인물사진학과,null
,v6k28,12345678,혜이,2950-3-29@gmail.com,010-3190-3190,서울시 정왕동,서울예술대학교,광고사진영상학과,null
,q9s47,12345678,박민선,2788-7-4@test.com,010-9087-9087,서울시 정왕동,백제예술대학교,사진학과,null
,08fne,12345678,안예은,2008-7-29@gmail.com,010-0432-0432,서울시 정왕동,추계예술대학교,사진학과,null
,ml1c8,12345678,권민경,2976-7-18@gmail.com,010-2891-2891,서울시 정왕동,서울예술대학교,풍경사진학과,null
,cax3f,12345678,정희라,3941-8-3@gmail.com,010-8927-8927,서울시 정왕동,대구예술대학교,사진학과,null
,1r3jc,12345678,문연욱,3477-10-28@naver.com,010-1389-1389,서울시 정왕동,한국예술종합학교,사진예술과,null
,lzq5n,12345678,디자이너 라운지,3021-9-15@naver.com,010-8174-8174,서울시 정왕동,한국예술종합학교,인물사진학과,null
,shuwt,12345678,황연경,2852-7-9@naver.com,010-0381-0381,서울시 정왕동,부산예술대학교,풍경사진학과,null
,nwlpq,12345678,조준행,3091-4-21@naver.com,010-5183-5183,서울시 정왕동,백제예술대학교,인물사진학과,null
,vfal6,12345678,유혜인,2516-4-22@test.com,010-5093-5093,서울시 정왕동,추계예술대학교,인물사진학과,null
,dxfnz,12345678,이지명,3815-2-6@test.com,010-9137-9137,서울시 정왕동,백제예술대학교,풍경사진학과,null
,xnvmu,12345678,서한솔,3460-11-28@gmail.com,010-4370-4370,서울시 정왕동,동아방송예술대학교,풍경사진학과,null
,am35l,12345678,손홍경,2127-1-25@naver.com,010-7058-7058,서울시 정왕동,서울예술대학교,사진학과,null
,sba4o,12345678,유지혜,2575-3-25@naver.com,010-4308-4308,서울시 정왕동,예원예술대학교,인물사진학과,null
,qavf2,12345678,김솔희,3706-11-10@test.com,010-9037-9037,서울시 정왕동,국제예술대학교,광고사진영상학과,null
,qimj0,12345678,남윤성,3045-4-4@naver.com,010-7640-7640,서울시 정왕동,부산예술대학교,사진학과,null
,o80t6,12345678,사사막,2813-3-9@naver.com,010-1958-1958,서울시 정왕동,국제예술대학교,사진학과,null
,rshg9,12345678,J.Kim,2790-3-30@gmail.com,010-3029-3029,서울시 정왕동,추계예술대학교,사진학과,null
,wibr1,12345678,던밀스,2501-7-6@naver.com,010-8631-8631,서울시 정왕동,추계예술대학교,사진영상드론학과,null
,hnqmg,12345678,버터컵,3344-12-3@test.com,010-6140-6140,서울시 정왕동,서울예술대학교,사진영상드론학과,null
,n9vlu,12345678,바갸,3057-12-9@gmail.com,010-5809-5809,서울시 정왕동,서울예술대학교,풍경사진학과,null
,iaowb,12345678,김도영,2121-2-2@naver.com,010-6518-6518,서울시 정왕동,서울예술대학교,스냅사진학과,null
,w0m5h,12345678,허성현,3623-7-17@test.com,010-3169-3169,서울시 정왕동,국제예술대학교,풍경사진학과,null
,2ol0f,12345678,장진화,2777-10-8@gmail.com,010-5972-5972,서울시 정왕동,국제예술대학교,사진학과,null
,yvmqj,12345678,다운,3989-6-16@test.com,010-6507-6507,서울시 정왕동,예원예술대학교,광고사진영상학과,null
,6jmif,12345678,양익준,2323-7-18@gmail.com,010-8156-8156,서울시 정왕동,백제예술대학교,공연사진학과,null
,zobp2,12345678,다니엘 송,2978-1-22@gmail.com,010-0684-0684,서울시 정왕동,동아방송예술대학교,공연사진학과,null
,cuwob,12345678,카코포니,2956-1-26@gmail.com,010-3025-3025,서울시 정왕동,추계예술대학교,인물사진학과,null
,g5jma,12345678,강병섭,3954-10-31@test.com,010-5738-5738,서울시 정왕동,예원예술대학교,광고사진영상학과,null
,4dfml,12345678,룹앤컷,3740-8-17@test.com,010-4025-4025,서울시 정왕동,계원예술대학교,인물사진학과,null
,rmckv,12345678,박자,2364-10-26@naver.com,010-8401-8401,서울시 정왕동,한국예술종합학교,광고사진영상학과,null
,s4lim,12345678,빌리카터,3810-7-10@naver.com,010-3042-3042,서울시 정왕동,국제예술대학교,인물사진학과,null
,p1bel,12345678,ooo,2266-4-17@test.com,010-2508-2508,서울시 정왕동,백제예술대학교,사진예술과,null
,iu4xg,12345678,임재현,3802-10-22@naver.com,010-7345-7345,서울시 정왕동,서울예술대학교,사진학과,null
,6xpyz,12345678,VIA,3869-8-29@naver.com,010-3168-3168,서울시 정왕동,백제예술대학교,스냅사진학과,null
,c763b,12345678,공중그늘,3489-2-21@test.com,010-7602-7602,서울시 정왕동,예원예술대학교,풍경사진학과,null
,62tyw,12345678,무브모브,3804-9-13@gmail.com,010-7952-7952,서울시 정왕동,백제예술대학교,공연사진학과,null
,vl8ao,12345678,박성희,2514-7-8@naver.com,010-6918-6918,서울시 정왕동,예원예술대학교,인물사진학과,null
,305fz,12345678,김예,2857-11-7@gmail.com,010-4582-4582,서울시 정왕동,국제예술대학교,인물사진학과,null
,j31g8,12345678,송지지,3593-6-26@gmail.com,010-1295-1295,서울시 정왕동,동아방송예술대학교,공연사진학과,null
,if2eb,12345678,연진영,3883-5-13@test.com,010-8205-8205,서울시 정왕동,동아방송예술대학교,인물사진학과,null
,85403,12345678,25일,3636-6-18@test.com,010-6581-6581,서울시 정왕동,한국예술종합학교,사진예술과,null
,75gv4,12345678,김소라,3648-9-5@naver.com,010-8534-8534,서울시 정왕동,예원예술대학교,인물사진학과,null
,gm75w,12345678,김태영,2569-4-1@naver.com,010-7462-7462,서울시 정왕동,정화예술대학교,사진예술과,null
,yi4gr,12345678,코코,2034-11-16@naver.com,010-5724-5724,서울시 정왕동,백석예술대학교,사진학과,null
,widmy,12345678,투탁 핀셔,2704-10-11@test.com,010-7908-7908,서울시 정왕동,예원예술대학교,인물사진학과,null
,4vusi,12345678,소냐리,3782-10-15@naver.com,010-2784-2784,서울시 정왕동,한국예술종합학교,사진학과,null
,af0g4,12345678,홀리뱅,3054-5-26@naver.com,010-6498-6498,서울시 정왕동,부산예술대학교,사진예술과,null
,42hnd,12345678,눈코,2926-11-8@naver.com,010-2891-2891,서울시 정왕동,한국예술종합학교,인물사진학과,null
,ptwr0,12345678,채수진,2093-12-25@gmail.com,010-8649-8649,서울시 정왕동,대구예술대학교,공연사진학과,null
,gtw0j,12345678,임수와,2302-3-7@gmail.com,010-8071-8071,서울시 정왕동,백제예술대학교,광고사진영상학과,null
,t2m1z,12345678,메이커 충무로,2900-5-11@naver.com,010-3147-3147,서울시 정왕동,한국예술종합학교,공연사진학과,null
,4scvy,12345678,아하 모텔,3574-2-2@naver.com,010-8206-8206,서울시 정왕동,대구예술대학교,광고사진영상학과,null
,tv6a9,12345678,김주승,2870-12-21@naver.com,010-7103-7103,서울시 정왕동,백석예술대학교,인물사진학과,null
,t6f8l,12345678,김도하,3163-11-9@test.com,010-7593-7593,서울시 정왕동,계원예술대학교,사진영상드론학과,null
,b3rv5,12345678,살롱 드 께쎄,2711-6-24@naver.com,010-9478-9478,서울시 정왕동,서울예술대학교,풍경사진학과,null
,q95kg,12345678,해브 해드,2832-5-11@test.com,010-4962-4962,서울시 정왕동,백석예술대학교,사진학과,null
,zotx2,12345678,김나훔,2527-1-23@gmail.com,010-4607-4607,서울시 정왕동,정화예술대학교,공연사진학과,null
,f6c0d,12345678,데미안 전,3578-2-8@test.com,010-4126-4126,서울시 정왕동,대구예술대학교,인물사진학과,null
,lvr5j,12345678,시하,2666-2-2@test.com,010-1378-1378,서울시 정왕동,예원예술대학교,광고사진영상학과,null
,3nr4p,12345678,훗한나,3027-7-5@test.com,010-9582-9582,서울시 정왕동,부산예술대학교,스냅사진학과,null
,7lgzc,12345678,청록,3898-12-13@naver.com,010-8751-8751,서울시 정왕동,정화예술대학교,스냅사진학과,null
,u7f89,12345678,이기택,2034-7-30@naver.com,010-5610-5610,서울시 정왕동,백제예술대학교,인물사진학과,null
,0kp8u,12345678,실다,2267-5-16@test.com,010-3794-3794,서울시 정왕동,백석예술대학교,사진학과,null
,jfbzm,12345678,박혜진,2367-10-20@test.com,010-4572-4572,서울시 정왕동,부산예술대학교,스냅사진학과,null
,b4rsd,12345678,라이언클래드,2720-5-22@test.com,010-8326-8326,서울시 정왕동,계원예술대학교,공연사진학과,null
,ljw7g,12345678,로우디,2647-12-11@naver.com,010-8041-8041,서울시 정왕동,국제예술대학교,스냅사진학과,null
,8gv3n,12345678,지현정,3054-4-1@naver.com,010-2384-2384,서울시 정왕동,동아방송예술대학교,풍경사진학과,null
,9x5p2,12345678,케코아,3514-4-2@naver.com,010-1026-1026,서울시 정왕동,대구예술대학교,풍경사진학과,null
,dx5bh,12345678,솔지,2596-9-25@naver.com,010-5103-5103,서울시 정왕동,국제예술대학교,인물사진학과,null
,u429y,12345678,루디 림,3129-5-12@gmail.com,010-1537-1537,서울시 정왕동,백석예술대학교,광고사진영상학과,null
,cptnf,12345678,Mong Sang,2679-7-26@test.com,010-4736-4736,서울시 정왕동,계원예술대학교,인물사진학과,null
,depgl,12345678,소우주,3645-12-3@gmail.com,010-9071-9071,서울시 정왕동,한국예술종합학교,풍경사진학과,null
,31ptj,12345678,이슬로,3595-12-13@test.com,010-7836-7836,서울시 정왕동,동아방송예술대학교,사진예술과,null
,0bzef,12345678,어네이티브,2628-4-10@test.com,010-4530-4530,서울시 정왕동,대구예술대학교,사진예술과,null
,zpbx3,12345678,지희,3604-1-16@test.com,010-0168-0168,서울시 정왕동,백제예술대학교,사진예술과,null
,gs1ef,12345678,산밤,2496-8-6@test.com,010-6590-6590,서울시 정왕동,계원예술대학교,스냅사진학과,null
,ar92g,12345678,고준호,2142-12-6@naver.com,010-0615-0615,서울시 정왕동,예원예술대학교,사진학과,null
,n6ovg,12345678,이짜나언짜나,3575-1-14@test.com,010-4508-4508,서울시 정왕동,백제예술대학교,공연사진학과,null
,ukrza,12345678,샤크 코치,3619-7-12@gmail.com,010-2384-2384,서울시 정왕동,대구예술대학교,사진영상드론학과,null
,wo3cp,12345678,권도희,2787-3-16@naver.com,010-5147-5147,서울시 정왕동,서울예술대학교,사진영상드론학과,null
,jxt7e,12345678,김민경,3984-10-24@gmail.com,010-2648-2648,서울시 정왕동,예원예술대학교,사진영상드론학과,null
,5l7af,12345678,쿠쿠키드,2398-10-12@test.com,010-6132-6132,서울시 정왕동,국제예술대학교,사진영상드론학과,null
,ikwd4,12345678,준굼뉘,2543-9-14@test.com,010-8372-8372,서울시 정왕동,예원예술대학교,사진학과,null
,wmiq0,12345678,박성진,2176-1-21@gmail.com,010-6182-6182,서울시 정왕동,정화예술대학교,스냅사진학과,null
,xr2gk,12345678,맜살,2028-3-20@test.com,010-8502-8502,서울시 정왕동,추계예술대학교,풍경사진학과,null
,9glya,12345678,김을지로,2816-2-18@naver.com,010-6197-6197,서울시 정왕동,부산예술대학교,공연사진학과,null
,r72o9,12345678,이낙원,3411-10-25@gmail.com,010-4608-4608,서울시 정왕동,국제예술대학교,사진영상드론학과,null
,0jhg8,12345678,권오상,2629-6-20@gmail.com,010-5718-5718,서울시 정왕동,대구예술대학교,광고사진영상학과,null
,q1bya,12345678,언상기,2661-3-12@test.com,010-0261-0261,서울시 정왕동,부산예술대학교,광고사진영상학과,null
,snawt,12345678,정정운,3158-9-1@test.com,010-8947-8947,서울시 정왕동,대구예술대학교,광고사진영상학과,null
,95nb0,12345678,두호,3136-7-31@test.com,010-4873-4873,서울시 정왕동,서울예술대학교,사진영상드론학과,null
,q7fp5,12345678,김시훈,3042-5-28@test.com,010-4896-4896,서울시 정왕동,정화예술대학교,광고사진영상학과,null
,roxa1,12345678,502,2843-8-12@gmail.com,010-1304-1304,서울시 정왕동,백석예술대학교,스냅사진학과,null
,1p5q2,12345678,최혜령,2520-11-5@naver.com,010-7065-7065,서울시 정왕동,예원예술대학교,스냅사진학과,null
,ci2o3,12345678,JSA,2444-3-28@test.com,010-2307-2307,서울시 정왕동,한국예술종합학교,스냅사진학과,null
,of0j1,12345678,강목,2007-4-14@naver.com,010-5821-5821,서울시 정왕동,서울예술대학교,광고사진영상학과,null
,0lh9y,12345678,인영혜,2598-8-6@naver.com,010-7259-7259,서울시 정왕동,부산예술대학교,사진영상드론학과,null
,yzs2r,12345678,탄진,2447-3-30@gmail.com,010-2538-2538,서울시 정왕동,정화예술대학교,사진학과,null
,j914m,12345678,꼴라,2806-8-11@test.com,010-2850-2850,서울시 정왕동,예원예술대학교,인물사진학과,null
,ylk9h,12345678,소만,3805-9-17@naver.com,010-1960-1960,서울시 정왕동,서울예술대학교,풍경사진학과,null
,53jim,12345678,Ram Han,2673-1-3@gmail.com,010-4653-4653,서울시 정왕동,백석예술대학교,풍경사진학과,null
,4ioxv,12345678,호지해,3530-3-28@gmail.com,010-8201-8201,서울시 정왕동,부산예술대학교,사진학과,null
,3fsvj,12345678,우연식,2997-4-25@test.com,010-5684-5684,서울시 정왕동,계원예술대학교,스냅사진학과,null
,bw7lr,12345678,팀 노드,3051-2-8@test.com,010-8274-8274,서울시 정왕동,서울예술대학교,광고사진영상학과,null
,a5fbd,12345678,이츠 오운 웨이트,2284-3-1@test.com,010-1207-1207,서울시 정왕동,한국예술종합학교,광고사진영상학과,null
,iy6r8,12345678,김선오,2864-11-8@gmail.com,010-6239-6239,서울시 정왕동,백석예술대학교,광고사진영상학과,null
,0izxa,12345678,루하테니조,2396-5-24@naver.com,010-0289-0289,서울시 정왕동,대구예술대학교,사진학과,null
,nc8zy,12345678,방상호,2654-5-6@test.com,010-2918-2918,서울시 정왕동,추계예술대학교,사진학과,null
,21vdf,12345678,김지민,2281-5-5@test.com,010-7253-7253,서울시 정왕동,부산예술대학교,인물사진학과,null
,ltfe9,12345678,계원예술대학교 애니메이션과,2886-1-23@naver.com,010-3612-3612,서울시 정왕동,정화예술대학교,스냅사진학과,null
,pz491,12345678,쿤디판다,2442-6-17@naver.com,010-7140-7140,서울시 정왕동,부산예술대학교,스냅사진학과,null
,p39v8,12345678,한자연,3144-8-3@test.com,010-9728-9728,서울시 정왕동,국제예술대학교,스냅사진학과,null
,lupm0,12345678,신모래,3400-11-7@naver.com,010-4835-4835,서울시 정왕동,정화예술대학교,인물사진학과,null
,sbqpe,12345678,양지훈,2186-1-4@gmail.com,010-1802-1802,서울시 정왕동,백석예술대학교,인물사진학과,null
,xjn58,12345678,박솔휘,2252-12-21@naver.com,010-5698-5698,서울시 정왕동,서울예술대학교,공연사진학과,null
,iclf5,12345678,한국예술종합학교 무대미술과,2897-10-11@naver.com,010-6173-6173,서울시 정왕동,추계예술대학교,스냅사진학과,null
,pym1z,12345678,방상혁,3916-8-11@gmail.com,010-6043-6043,서울시 정왕동,한국예술종합학교,사진예술과,null
,exfyi,12345678,굿뉴스인더모닝,2030-3-26@test.com,010-9105-9105,서울시 정왕동,한국예술종합학교,인물사진학과,null
,fcpzo,12345678,이지선,3057-1-7@test.com,010-2913-2913,서울시 정왕동,백석예술대학교,광고사진영상학과,null
,h07l5,12345678,60,2854-6-12@naver.com,010-9326-9326,서울시 정왕동,추계예술대학교,사진예술과,null
,726kx,12345678,얘나,3546-7-8@naver.com,010-6879-6879,서울시 정왕동,백제예술대학교,광고사진영상학과,null
,8p6l0,12345678,연세대학교 시각디자인,2237-2-7@naver.com,010-8107-8107,서울시 정왕동,대구예술대학교,풍경사진학과,null
,84cr7,12345678,이화여자대학교 동양화과,2289-9-2@test.com,010-0716-0716,서울시 정왕동,백제예술대학교,인물사진학과,null
,exqis,12345678,국민대학교 금속공예학과,3751-3-22@test.com,010-1568-1568,서울시 정왕동,예원예술대학교,광고사진영상학과,null
,27n8m,12345678,최산호,2754-4-17@naver.com,010-4051-4051,서울시 정왕동,동아방송예술대학교,사진예술과,null
,guchs,12345678,Melly Lym,2959-9-20@naver.com,010-4962-4962,서울시 정왕동,한국예술종합학교,인물사진학과,null
,eklp5,12345678,윤경덕,3104-7-16@naver.com,010-9253-9253,서울시 정왕동,국제예술대학교,인물사진학과,null
,1yakt,12345678,율이에,2583-5-29@naver.com,010-8549-8549,서울시 정왕동,정화예술대학교,사진학과,null
,bhd9g,12345678,카우기,3304-3-25@test.com,010-7502-7502,서울시 정왕동,백제예술대학교,스냅사진학과,null
,jfgkt,12345678,쟝봉,3184-7-22@gmail.com,010-0148-0148,서울시 정왕동,백석예술대학교,사진영상드론학과,null
,b8wdg,12345678,김승연,3005-6-13@naver.com,010-8059-8059,서울시 정왕동,백제예술대학교,사진영상드론학과,null
,z73ew,12345678,숩림,3599-11-26@gmail.com,010-3819-3819,서울시 정왕동,대구예술대학교,풍경사진학과,null
,hxo8e,12345678,리디아 리,2255-7-14@test.com,010-4875-4875,서울시 정왕동,국제예술대학교,사진학과,null
,srdjm,12345678,스월비,3436-8-31@gmail.com,010-4358-4358,서울시 정왕동,계원예술대학교,공연사진학과,null
,odprg,12345678,김영진,2485-12-17@naver.com,010-0267-0267,서울시 정왕동,부산예술대학교,인물사진학과,null
,df1cs,12345678,홍익대학교 커뮤니케이션디자인,3071-10-1@gmail.com,010-2714-2714,서울시 정왕동,백석예술대학교,공연사진학과,null
,9yv6g,12345678,스마일리,2384-8-10@gmail.com,010-3548-3548,서울시 정왕동,동아방송예술대학교,공연사진학과,null
,bxtvl,12345678,덕성여대 텍스타일디자인학과,2448-7-29@test.com,010-2384-2384,서울시 정왕동,정화예술대학교,광고사진영상학과,null
,4gpu5,12345678,대전대학교 커뮤니케이션디자인학과,2411-6-8@test.com,010-1084-1084,서울시 정왕동,국제예술대학교,풍경사진학과,null
,bszw9,12345678,건국대학교 산업디자인학과,2539-8-21@naver.com,010-1309-1309,서울시 정왕동,국제예술대학교,사진예술과,null
,stb2l,12345678,경희대학교 도예학과,3983-5-14@naver.com,010-3475-3475,서울시 정왕동,한국예술종합학교,광고사진영상학과,null
,tdpn1,12345678,경희대학교 시각디자인학과,2383-2-16@test.com,010-5294-5294,서울시 정왕동,백제예술대학교,풍경사진학과,null
,i6t3n,12345678,동덕여대 패션디자인과,3810-7-11@test.com,010-3046-3046,서울시 정왕동,백석예술대학교,사진영상드론학과,null
,jtf7c,12345678,중앙대학교 패션학과,2684-3-18@gmail.com,010-6932-6932,서울시 정왕동,백제예술대학교,공연사진학과,null
,85dnu,12345678,단국대학교 건축학과,2030-11-7@gmail.com,010-8570-8570,서울시 정왕동,대구예술대학교,인물사진학과,null
,9ed54,12345678,A1J,3281-5-24@naver.com,010-7968-7968,서울시 정왕동,대구예술대학교,인물사진학과,null
,zls0n,12345678,윈도우센,1989-6-30@naver.com,010-7018-7018,서울시 정왕동,예원예술대학교,공연사진학과,null
,jawv8,12345678,한선우,3255-10-30@naver.com,010-0863-0863,서울시 정왕동,추계예술대학교,광고사진영상학과,null
,cb7al,12345678,이은주,3156-5-10@test.com,010-6523-6523,서울시 정왕동,백석예술대학교,풍경사진학과,null
,ls75m,12345678,진,2303-6-23@gmail.com,010-6472-6472,서울시 정왕동,서울예술대학교,사진학과,null
,j6au9,12345678,티크,3810-8-21@naver.com,010-5724-5724,서울시 정왕동,예원예술대학교,사진학과,null
,371pn,12345678,MAREYKRAP,2611-10-4@gmail.com,010-1254-1254,서울시 정왕동,한국예술종합학교,사진예술과,null
,dup32,12345678,글월,2578-1-19@naver.com,010-5802-5802,서울시 정왕동,부산예술대학교,사진영상드론학과,null
,60yq9,12345678,랍드,3722-7-19@naver.com,010-4982-4982,서울시 정왕동,백석예술대학교,사진영상드론학과,null
,eon82,12345678,림팩트,2491-6-10@naver.com,010-2740-2740,서울시 정왕동,예원예술대학교,인물사진학과,null
,sklh4,12345678,이큐킴,3108-12-1@naver.com,010-9584-9584,서울시 정왕동,계원예술대학교,사진예술과,null
,k92rh,12345678,ABMS,3100-12-3@test.com,010-7395-7395,서울시 정왕동,대구예술대학교,인물사진학과,null
,z9blh,12345678,서영,3701-6-1@test.com,010-0173-0173,서울시 정왕동,백석예술대학교,사진예술과,null
,w2hgr,12345678,최지욱,2365-7-6@gmail.com,010-1247-1247,서울시 정왕동,계원예술대학교,풍경사진학과,null
,me0jc,12345678,알맹이,2776-1-13@test.com,010-9042-9042,서울시 정왕동,서울예술대학교,풍경사진학과,null
,ta1qi,12345678,이규리,3222-10-1@test.com,010-7623-7623,서울시 정왕동,백석예술대학교,광고사진영상학과,null
,vdf3w,12345678,노두용,3296-3-10@test.com,010-1870-1870,서울시 정왕동,한국예술종합학교,스냅사진학과,null
,elsaf,12345678,실린더,2726-9-9@gmail.com,010-7204-7204,서울시 정왕동,계원예술대학교,스냅사진학과,null
,bkp4t,12345678,HAWK,2719-3-30@test.com,010-9814-9814,서울시 정왕동,정화예술대학교,사진학과,null
,n9djg,12345678,아방,3117-1-27@naver.com,010-1670-1670,서울시 정왕동,동아방송예술대학교,인물사진학과,null
,74bof,12345678,클레오,2600-10-28@naver.com,010-9387-9387,서울시 정왕동,부산예술대학교,사진학과,null
,82kbu,12345678,느루,3912-5-29@test.com,010-4192-4192,서울시 정왕동,예원예술대학교,풍경사진학과,null
,obgh8,12345678,미스터두낫띵,3643-1-18@naver.com,010-1364-1364,서울시 정왕동,국제예술대학교,인물사진학과,null
,nqjiy,12345678,허자보이ACC,2996-9-27@naver.com,010-8376-8376,서울시 정왕동,정화예술대학교,사진학과,null
,qh3eo,12345678,팀보이드,2207-2-23@gmail.com,010-9167-9167,서울시 정왕동,서울예술대학교,광고사진영상학과,null
,54fku,12345678,몬드리안 서울 이태원,2315-4-8@gmail.com,010-7103-7103,서울시 정왕동,한국예술종합학교,광고사진영상학과,null
,0cjqk,12345678,고효주,3759-10-23@test.com,010-6421-6421,서울시 정왕동,동아방송예술대학교,사진영상드론학과,null
,ag9uw,12345678,메아리,3227-8-27@gmail.com,010-9634-9634,서울시 정왕동,서울예술대학교,사진학과,null
,t32w5,12345678,오왠,2274-2-28@gmail.com,010-8193-8193,서울시 정왕동,백제예술대학교,광고사진영상학과,null
,qneug,12345678,누데이크,2122-10-31@gmail.com,010-4156-4156,서울시 정왕동,계원예술대학교,광고사진영상학과,null
,r34nd,12345678,원슈타인,2776-2-6@test.com,010-6439-6439,서울시 정왕동,계원예술대학교,사진학과,null
,gwtkn,12345678,정이용,3965-12-22@test.com,010-0583-0583,서울시 정왕동,계원예술대학교,사진예술과,null
,ghdu0,12345678,이동은,2127-3-10@naver.com,010-9481-9481,서울시 정왕동,계원예술대학교,인물사진학과,null
,v8wq4,12345678,김오키,3396-2-27@test.com,010-0428-0428,서울시 정왕동,백석예술대학교,풍경사진학과,null
,zqnwc,12345678,QM,3028-5-1@test.com,010-1853-1853,서울시 정왕동,정화예술대학교,광고사진영상학과,null
,2vz9g,12345678,제로즈,2537-1-13@naver.com,010-7126-7126,서울시 정왕동,백제예술대학교,사진영상드론학과,null
,fr0ui,12345678,언텔,3837-5-19@naver.com,010-8412-8412,서울시 정왕동,국제예술대학교,사진영상드론학과,null
,r8y06,12345678,유충목,3414-8-10@naver.com,010-8942-8942,서울시 정왕동,추계예술대학교,사진영상드론학과,null
,xcasb,12345678,로코,3350-7-7@naver.com,010-0765-0765,서울시 정왕동,추계예술대학교,광고사진영상학과,null
,md4tw,12345678,송승은,3513-3-8@naver.com,010-0596-0596,서울시 정왕동,예원예술대학교,광고사진영상학과,null
,08kme,12345678,최항석과 부기몬스터,3504-11-25@test.com,010-1548-1548,서울시 정왕동,정화예술대학교,스냅사진학과,null
,l3edz,12345678,갓섬웨어,2162-4-1@naver.com,010-9265-9265,서울시 정왕동,서울예술대학교,사진예술과,null
,1gbwa,12345678,최수빈,2007-4-6@gmail.com,010-0397-0397,서울시 정왕동,계원예술대학교,사진학과,null
,9dx37,12345678,올웨이즈 웨트 보이,2352-11-11@naver.com,010-3409-3409,서울시 정왕동,국제예술대학교,인물사진학과,null
,res0a,12345678,파라코즘스튜디오,2967-9-4@test.com,010-5468-5468,서울시 정왕동,한국예술종합학교,사진영상드론학과,null
,wu5s3,12345678,김민희,3449-8-22@gmail.com,010-4379-4379,서울시 정왕동,추계예술대학교,사진예술과,null
,012ms,12345678,손은경,3277-8-13@gmail.com,010-7286-7286,서울시 정왕동,계원예술대학교,광고사진영상학과,null
,u4vfd,12345678,설,2978-10-5@naver.com,010-9513-9513,서울시 정왕동,추계예술대학교,스냅사진학과,null
,v6fh2,12345678,버둥,2455-3-27@gmail.com,010-7106-7106,서울시 정왕동,국제예술대학교,공연사진학과,null
,kszc6,12345678,연여인,3580-3-23@test.com,010-2053-2053,서울시 정왕동,서울예술대학교,인물사진학과,null
,7vldx,12345678,양의공간,2586-10-20@test.com,010-9602-9602,서울시 정왕동,예원예술대학교,사진예술과,null
,7m8zj,12345678,아주작은식당,2923-11-17@test.com,010-0341-0341,서울시 정왕동,대구예술대학교,인물사진학과,null
,kxg24,12345678,스탠다드블랙,3867-7-24@gmail.com,010-5109-5109,서울시 정왕동,정화예술대학교,스냅사진학과,null
,4ejvu,12345678,이앤디케이크,2446-1-6@test.com,010-7524-7524,서울시 정왕동,부산예술대학교,풍경사진학과,null
,03uws,12345678,일쁠루비건베이킹랩,2346-1-19@gmail.com,010-0627-0627,서울시 정왕동,백석예술대학교,사진예술과,null
,n3bmq,12345678,투테일스,3363-6-5@naver.com,010-8402-8402,서울시 정왕동,백석예술대학교,인물사진학과,null
,mt0hw,12345678,온다케이크,2360-3-18@gmail.com,010-4657-4657,서울시 정왕동,정화예술대학교,사진학과,null
,09wqe,12345678,푸름,3736-9-23@test.com,010-3901-3901,서울시 정왕동,추계예술대학교,사진영상드론학과,null
,w2hm4,12345678,강이연,2118-2-21@naver.com,010-5461-5461,서울시 정왕동,부산예술대학교,공연사진학과,null
,zcfe3,12345678,PAX00100,2914-8-25@test.com,010-6937-6937,서울시 정왕동,부산예술대학교,풍경사진학과,null
,2mlbw,12345678,개항로프로젝트,3002-12-30@gmail.com,010-2371-2371,서울시 정왕동,정화예술대학교,사진영상드론학과,null
,s76mo,12345678,스티뮤리,3787-4-22@test.com,010-0972-0972,서울시 정왕동,동아방송예술대학교,사진학과,null
,4o3bc,12345678,브로콜리너마저,2097-3-27@test.com,010-6302-6302,서울시 정왕동,백제예술대학교,인물사진학과,null
,o5dsa,12345678,엔초비,3257-1-24@test.com,010-4287-4287,서울시 정왕동,대구예술대학교,풍경사진학과,null
,yt2rh,12345678,캐비넷클럽,2810-10-24@gmail.com,010-7450-7450,서울시 정왕동,대구예술대학교,사진학과,null
,gisjt,12345678,미키김,3429-6-17@naver.com,010-9380-9380,서울시 정왕동,정화예술대학교,공연사진학과,null
,d6ke5,12345678,틴더 코리아,2927-12-15@test.com,010-1689-1689,서울시 정왕동,정화예술대학교,사진예술과,null
,hicr8,12345678,아이 브이 에이 에이 아이 유 씨티,2598-6-27@gmail.com,010-8605-8605,서울시 정왕동,서울예술대학교,인물사진학과,null
,zih7r,12345678,신불출,2191-11-3@gmail.com,010-2971-2971,서울시 정왕동,추계예술대학교,사진학과,null
,l7fc1,12345678,아쿠픽투라,2966-7-7@naver.com,010-1539-1539,서울시 정왕동,국제예술대학교,광고사진영상학과,null
,jyvpt,12345678,우한나,3500-4-15@naver.com,010-3918-3918,서울시 정왕동,정화예술대학교,풍경사진학과,null
,nlh63,12345678,김문독,2011-12-20@test.com,010-3652-3652,서울시 정왕동,계원예술대학교,공연사진학과,null
,8e3oq,12345678,함미나,3271-4-17@gmail.com,010-8369-8369,서울시 정왕동,동아방송예술대학교,풍경사진학과,null
,t1p9b,12345678,오이웍스,3534-3-14@gmail.com,010-3524-3524,서울시 정왕동,동아방송예술대학교,인물사진학과,null
,43okb,12345678,유니버셜에브리띵,2950-1-13@gmail.com,010-2850-2850,서울시 정왕동,백제예술대학교,인물사진학과,null
,hz8fk,12345678,장지수,3719-9-26@test.com,010-6940-6940,서울시 정왕동,한국예술종합학교,풍경사진학과,null
,ipkvu,12345678,사이다,3596-8-24@naver.com,010-1362-1362,서울시 정왕동,예원예술대학교,스냅사진학과,null
,v1aqf,12345678,밍예스프로젝트,2242-3-29@naver.com,010-3760-3760,서울시 정왕동,한국예술종합학교,인물사진학과,null
,0j2df,12345678,이주원,3449-10-8@gmail.com,010-5410-5410,서울시 정왕동,예원예술대학교,사진학과,null
,5qle9,12345678,도파민최,3102-10-16@naver.com,010-8630-8630,서울시 정왕동,백제예술대학교,인물사진학과,null
,7tvr9,12345678,큐 밀리너리,2267-9-14@test.com,010-3054-3054,서울시 정왕동,한국예술종합학교,사진예술과,null
,ifawp,12345678,CDY,3339-4-18@gmail.com,010-5764-5764,서울시 정왕동,동아방송예술대학교,사진영상드론학과,null
,016vs,12345678,쏘슐랭,2868-5-20@gmail.com,010-3728-3728,서울시 정왕동,부산예술대학교,스냅사진학과,null
,17uqo,12345678,유승보,2991-6-3@test.com,010-1628-1628,서울시 정왕동,백석예술대학교,사진학과,null
,tp6xn,12345678,노상호,3766-2-23@naver.com,010-2975-2975,서울시 정왕동,한국예술종합학교,광고사진영상학과,null
,fyiez,12345678,한예롤,3516-4-28@gmail.com,010-7564-7564,서울시 정왕동,예원예술대학교,공연사진학과,null
,aqhci,12345678,308아트크루,3180-4-2@test.com,010-3784-3784,서울시 정왕동,백석예술대학교,공연사진학과,null
,36k18,12345678,퓨어디,2553-2-12@gmail.com,010-7302-7302,서울시 정왕동,국제예술대학교,풍경사진학과,null
,1yruh,12345678,임영지,3208-11-13@gmail.com,010-2968-2968,서울시 정왕동,정화예술대학교,사진예술과,null
,sl3dv,12345678,조이 유,2868-7-17@naver.com,010-5260-5260,서울시 정왕동,한국예술종합학교,인물사진학과,null
,230jw,12345678,현예,2449-12-29@gmail.com,010-4728-4728,서울시 정왕동,동아방송예술대학교,광고사진영상학과,null
,09he6,12345678,박서우,2448-5-14@test.com,010-4965-4965,서울시 정왕동,동아방송예술대학교,공연사진학과,null
,1egcr,12345678,자이언트스텝,3920-5-14@gmail.com,010-2315-2315,서울시 정왕동,계원예술대학교,사진학과,null
,as63m,12345678,래코드,2674-2-20@naver.com,010-7509-7509,서울시 정왕동,대구예술대학교,풍경사진학과,null
,6sdvm,12345678,솔타투,3389-3-1@gmail.com,010-6193-6193,서울시 정왕동,계원예술대학교,스냅사진학과,null
,5d1ol,12345678,보은,3806-11-15@gmail.com,010-3915-3915,서울시 정왕동,대구예술대학교,공연사진학과,null
,a10eo,12345678,빈첸,3619-9-23@gmail.com,010-1792-1792,서울시 정왕동,동아방송예술대학교,스냅사진학과,null
,sl4hm,12345678,원앤제이갤러리,2114-7-28@naver.com,010-7894-7894,서울시 정왕동,백석예술대학교,사진영상드론학과,null
,1xh87,12345678,이재혁,3268-5-7@test.com,010-9715-9715,서울시 정왕동,한국예술종합학교,스냅사진학과,null
,vqjaz,12345678,더 뮤지엄 비지터,3335-6-9@gmail.com,010-7253-7253,서울시 정왕동,서울예술대학교,사진예술과,null
,jd9p2,12345678,신혜림,3120-6-1@naver.com,010-0948-0948,서울시 정왕동,대구예술대학교,사진영상드론학과,null
,jdfxb,12345678,박태훈,2554-7-20@test.com,010-9540-9540,서울시 정왕동,대구예술대학교,스냅사진학과,null
,7sop9,12345678,다모,3207-7-14@naver.com,010-5709-5709,서울시 정왕동,계원예술대학교,풍경사진학과,null
,ce5u0,12345678,박건우,3501-1-3@naver.com,010-2154-2154,서울시 정왕동,백석예술대학교,사진학과,null
,2lhdx,12345678,다이브인,3125-12-13@gmail.com,010-1429-1429,서울시 정왕동,대구예술대학교,풍경사진학과,null
,dles1,12345678,포푸리,2241-6-8@gmail.com,010-0214-0214,서울시 정왕동,부산예술대학교,스냅사진학과,null
,m43bt,12345678,마틸다 정,2668-7-27@test.com,010-1765-1765,서울시 정왕동,백제예술대학교,사진학과,null
,6zkiq,12345678,박지수,2721-7-19@test.com,010-6794-6794,서울시 정왕동,정화예술대학교,사진예술과,null
,9ktzq,12345678,김뜻돌,3646-6-26@gmail.com,010-9714-9714,서울시 정왕동,예원예술대학교,스냅사진학과,null
,y5q6b,12345678,글래머샷,3141-4-24@naver.com,010-2039-2039,서울시 정왕동,서울예술대학교,사진예술과,null
,f2m1k,12345678,지과자,2015-12-3@naver.com,010-1069-1069,서울시 정왕동,예원예술대학교,스냅사진학과,null
,3nyq9,12345678,민조킹,3715-4-1@naver.com,010-8914-8914,서울시 정왕동,정화예술대학교,광고사진영상학과,null
,7vg20,12345678,다운타운믹스주쓰,2924-2-21@test.com,010-9587-9587,서울시 정왕동,추계예술대학교,공연사진학과,null
,spagc,12345678,팀트라이어드,3703-9-18@gmail.com,010-1924-1924,서울시 정왕동,정화예술대학교,사진학과,null
,oecu1,12345678,박달리,2182-5-2@test.com,010-4751-4751,서울시 정왕동,동아방송예술대학교,광고사진영상학과,null
,bnlco,12345678,아이다호,3935-11-26@test.com,010-0328-0328,서울시 정왕동,서울예술대학교,광고사진영상학과,null
,qfuzv,12345678,다운라이트/오시선,3308-2-13@test.com,010-3476-3476,서울시 정왕동,서울예술대학교,스냅사진학과,null
,1j629,12345678,나무13,2298-7-31@naver.com,010-2910-2910,서울시 정왕동,예원예술대학교,인물사진학과,null
,txova,12345678,오세애,3112-6-30@test.com,010-0427-0427,서울시 정왕동,서울예술대학교,사진학과,null
,p8yut,12345678,보안1942,3188-8-1@test.com,010-5431-5431,서울시 정왕동,부산예술대학교,사진예술과,null
,yneu8,12345678,장혜림,3815-1-16@naver.com,010-6542-6542,서울시 정왕동,예원예술대학교,광고사진영상학과,null
,bfc8x,12345678,한땀한땀,2280-12-13@test.com,010-4270-4270,서울시 정왕동,백제예술대학교,풍경사진학과,null
,71ari,12345678,네이키드 체리,3149-8-7@gmail.com,010-4653-4653,서울시 정왕동,국제예술대학교,풍경사진학과,null
,iszwv,12345678,최민영,3481-11-8@gmail.com,010-1548-1548,서울시 정왕동,백석예술대학교,사진영상드론학과,null
,w0izm,12345678,오픈플랜,3983-3-9@gmail.com,010-8267-8267,서울시 정왕동,추계예술대학교,사진학과,null
,s1g24,12345678,핏자터틀스,2014-1-21@gmail.com,010-8314-8314,서울시 정왕동,백제예술대학교,사진예술과,null
,e2odg,12345678,콰야,2038-4-26@naver.com,010-7918-7918,서울시 정왕동,한국예술종합학교,광고사진영상학과,null
,5olxe,12345678,허지예,2885-12-13@gmail.com,010-5126-5126,서울시 정왕동,계원예술대학교,스냅사진학과,null
,mzj5l,12345678,애니멀프레스,3791-6-20@naver.com,010-8971-8971,서울시 정왕동,정화예술대학교,공연사진학과,null
,c48oq,12345678,김금원,2236-3-30@test.com,010-2834-2834,서울시 정왕동,한국예술종합학교,광고사진영상학과,null
,xfklc,12345678,더뉴어라이벌,2652-10-23@test.com,010-0563-0563,서울시 정왕동,추계예술대학교,풍경사진학과,null
,cuqbf,12345678,원플린쓰 스튜디오,3885-4-9@naver.com,010-0628-0628,서울시 정왕동,계원예술대학교,사진학과,null
,g9cpv,12345678,선우,3062-1-14@gmail.com,010-9356-9356,서울시 정왕동,한국예술종합학교,사진학과,null
,2cxos,12345678,이지혜,2967-4-26@gmail.com,010-9472-9472,서울시 정왕동,정화예술대학교,풍경사진학과,null
,b51nm,12345678,박인주,3002-6-13@naver.com,010-5493-5493,서울시 정왕동,추계예술대학교,공연사진학과,null
,q5dob,12345678,파티이머지,2665-11-11@naver.com,010-3684-3684,서울시 정왕동,한국예술종합학교,사진예술과,null
,cs8fg,12345678,김다예,2272-4-24@test.com,010-3081-3081,서울시 정왕동,국제예술대학교,사진영상드론학과,null
,i9amh,12345678,아이헤이트먼데이,3160-9-19@gmail.com,010-9135-9135,서울시 정왕동,정화예술대학교,광고사진영상학과,null
,u2nqx,12345678,노수현,2912-1-23@naver.com,010-6302-6302,서울시 정왕동,대구예술대학교,사진예술과,null
,iy2xv,12345678,더쿠,3025-4-29@naver.com,010-5842-5842,서울시 정왕동,동아방송예술대학교,광고사진영상학과,null
,q510v,12345678,박찬국,3146-10-5@test.com,010-2849-2849,서울시 정왕동,계원예술대학교,스냅사진학과,null
,zb3ju,12345678,강성모,2577-11-29@gmail.com,010-3105-3105,서울시 정왕동,정화예술대학교,사진예술과,null
,d95sa,12345678,백세희,3817-11-23@gmail.com,010-0654-0654,서울시 정왕동,백석예술대학교,사진예술과,null
,374qf,12345678,김지용,2192-1-8@naver.com,010-3542-3542,서울시 정왕동,동아방송예술대학교,풍경사진학과,null
,21m75,12345678,서기원,3896-10-26@test.com,010-0257-0257,서울시 정왕동,동아방송예술대학교,인물사진학과,null
,mv32y,12345678,누툭,3918-1-14@test.com,010-9614-9614,서울시 정왕동,대구예술대학교,사진영상드론학과,null
,81rj6,12345678,을지로오브,2820-5-28@gmail.com,010-7956-7956,서울시 정왕동,서울예술대학교,인물사진학과,null
,45sha,12345678,디스트릭트홀딩스,3334-4-21@gmail.com,010-7381-7381,서울시 정왕동,백제예술대학교,사진영상드론학과,null
,c2jsi,12345678,VCRWORKS,2616-11-19@gmail.com,010-9743-9743,서울시 정왕동,예원예술대학교,공연사진학과,null
,9t1ie,12345678,팁토,3598-11-20@gmail.com,010-3596-3596,서울시 정왕동,대구예술대학교,스냅사진학과,null
,vd7hs,12345678,워크샵 파머스,2879-9-16@gmail.com,010-5860-5860,서울시 정왕동,부산예술대학교,사진영상드론학과,null
,ns1jg,12345678,단하,3041-2-4@test.com,010-2019-2019,서울시 정왕동,백제예술대학교,사진예술과,null
,reqt4,12345678,프레뮤즈,2695-1-2@test.com,010-0374-0374,서울시 정왕동,서울예술대학교,풍경사진학과,null
,8bl1j,12345678,문,2513-12-25@gmail.com,010-6135-6135,서울시 정왕동,예원예술대학교,사진영상드론학과,null
,l6tq2,12345678,박신우,2931-8-17@test.com,010-3271-3271,서울시 정왕동,국제예술대학교,사진학과,null
,0eqsp,12345678,주재범,3539-10-23@naver.com,010-7013-7013,서울시 정왕동,동아방송예술대학교,광고사진영상학과,null
,dope3,12345678,센트롤하우스,2445-6-20@test.com,010-8243-8243,서울시 정왕동,추계예술대학교,인물사진학과,null
,pl3wk,12345678,페일블루닷,3985-7-29@test.com,010-8739-8739,서울시 정왕동,계원예술대학교,광고사진영상학과,null
,rn2t4,12345678,헬로우 젠틀,2921-6-5@gmail.com,010-1837-1837,서울시 정왕동,추계예술대학교,풍경사진학과,null
,af6ec,12345678,스튜디오 피보테,2941-1-20@gmail.com,010-4803-4803,서울시 정왕동,대구예술대학교,공연사진학과,null
,t7eoa,12345678,순이지,2194-2-5@gmail.com,010-8915-8915,서울시 정왕동,추계예술대학교,스냅사진학과,null
,o8xqf,12345678,입자필드,2963-5-1@gmail.com,010-6253-6253,서울시 정왕동,동아방송예술대학교,광고사진영상학과,null
,7t1sd,12345678,이윤성,2696-8-22@test.com,010-4870-4870,서울시 정왕동,대구예술대학교,광고사진영상학과,null
,l2twv,12345678,이명,2208-2-22@test.com,010-4518-4518,서울시 정왕동,서울예술대학교,광고사진영상학과,null
,q4seo,12345678,이강훈,3981-3-17@test.com,010-0942-0942,서울시 정왕동,백석예술대학교,스냅사진학과,null
,hvgc2,12345678,심쿵건축,3356-8-3@test.com,010-8760-8760,서울시 정왕동,한국예술종합학교,풍경사진학과,null
,fbe9s,12345678,킨키,2481-6-12@naver.com,010-9423-9423,서울시 정왕동,백제예술대학교,스냅사진학과,null
,6ynsx,12345678,KELLY 임규향,3324-1-19@naver.com,010-8761-8761,서울시 정왕동,추계예술대학교,사진학과,null
,p3moh,12345678,미니멀리스트 컬쳐,3761-11-25@test.com,010-5276-5276,서울시 정왕동,백석예술대학교,스냅사진학과,null
,u4n70,12345678,맹그로브,3937-2-21@test.com,010-5946-5946,서울시 정왕동,동아방송예술대학교,광고사진영상학과,null
,3l7y4,12345678,YCK 그래드 쇼,3067-2-17@test.com,010-3209-3209,서울시 정왕동,한국예술종합학교,풍경사진학과,null
,3aujp,12345678,마을상점생활관,1997-4-19@test.com,010-4205-4205,서울시 정왕동,예원예술대학교,인물사진학과,null
,hovic,12345678,얼스어스,2768-1-6@naver.com,010-2645-2645,서울시 정왕동,계원예술대학교,사진예술과,null
,4ukoj,12345678,하이픈,2840-9-11@test.com,010-0248-0248,서울시 정왕동,서울예술대학교,사진영상드론학과,null
,0uzpw,12345678,지구샵,2329-5-5@test.com,010-9520-9520,서울시 정왕동,정화예술대학교,인물사진학과,null
,l3dj2,12345678,앤드뉴,2946-2-26@test.com,010-9235-9235,서울시 정왕동,정화예술대학교,광고사진영상학과,null
,n30yl,12345678,김하림,2609-9-28@gmail.com,010-6915-6915,서울시 정왕동,백석예술대학교,사진영상드론학과,null
,3us4z,12345678,공간 사일삼,2487-12-11@naver.com,010-2574-2574,서울시 정왕동,부산예술대학교,인물사진학과,null
,t9naz,12345678,신해경,3369-10-21@test.com,010-9075-9075,서울시 정왕동,정화예술대학교,사진학과,null
,ti25p,12345678,윤혜준,3491-1-25@naver.com,010-0659-0659,서울시 정왕동,예원예술대학교,스냅사진학과,null
,t0kup,12345678,의외의조합,3645-5-18@naver.com,010-0348-0348,서울시 정왕동,동아방송예술대학교,스냅사진학과,null
,67c0v,12345678,김혜림,3358-11-14@gmail.com,010-8740-8740,서울시 정왕동,부산예술대학교,사진영상드론학과,null
,x068v,12345678,신분당씨티클럽,3635-8-23@test.com,010-3726-3726,서울시 정왕동,한국예술종합학교,인물사진학과,null
,2b5gd,12345678,윤미연,2809-9-5@gmail.com,010-7923-7923,서울시 정왕동,예원예술대학교,스냅사진학과,null
,i3h7o,12345678,노자이너,2554-6-19@gmail.com,010-3845-3845,서울시 정왕동,동아방송예술대학교,스냅사진학과,null
,6wq8f,12345678,채희준,3793-4-1@test.com,010-1760-1760,서울시 정왕동,동아방송예술대학교,사진영상드론학과,null
,toi5d,12345678,스튜디오 비스타디아,3541-11-10@naver.com,010-4091-4091,서울시 정왕동,백석예술대학교,공연사진학과,null
,fqlhg,12345678,스튜디오 씨클레프,3787-2-23@naver.com,010-3785-3785,서울시 정왕동,동아방송예술대학교,스냅사진학과,null
,w3eam,12345678,이하늘,3594-4-12@naver.com,010-3692-3692,서울시 정왕동,예원예술대학교,광고사진영상학과,null
,zq59k,12345678,신이호,3336-10-22@test.com,010-3289-3289,서울시 정왕동,동아방송예술대학교,스냅사진학과,null
,068cd,12345678,조은재,2925-3-5@gmail.com,010-0461-0461,서울시 정왕동,정화예술대학교,풍경사진학과,null
,cw5zt,12345678,초타원형갤러리,3205-6-11@naver.com,010-3620-3620,서울시 정왕동,예원예술대학교,사진학과,null
,sv2r8,12345678,팔칠댄스,2056-12-2@naver.com,010-6218-6218,서울시 정왕동,대구예술대학교,광고사진영상학과,null
,jsnam,12345678,박지수,3570-6-15@gmail.com,010-6483-6483,서울시 정왕동,부산예술대학교,사진학과,null
,3jyxa,12345678,차수연,2666-12-18@naver.com,010-1375-1375,서울시 정왕동,정화예술대학교,공연사진학과,null
,27la9,12345678,유수진,2853-2-1@naver.com,010-9053-9053,서울시 정왕동,대구예술대학교,공연사진학과,null
,94zmu,12345678,소윤아,3955-8-11@naver.com,010-7386-7386,서울시 정왕동,서울예술대학교,인물사진학과,null
,cq9fy,12345678,기쁨,2937-11-3@test.com,010-5960-5960,서울시 정왕동,대구예술대학교,공연사진학과,null
,1h2j5,12345678,스튜디오 고민,3019-8-29@test.com,010-6978-6978,서울시 정왕동,부산예술대학교,공연사진학과,null
,on4fj,12345678,KAYA 김지영,3978-8-29@gmail.com,010-5318-5318,서울시 정왕동,백제예술대학교,공연사진학과,null
,g4n3x,12345678,수목원,3055-12-18@gmail.com,010-5402-5402,서울시 정왕동,한국예술종합학교,공연사진학과,null
,h0pwf,12345678,허스키폭스,2749-7-25@test.com,010-0791-0791,서울시 정왕동,정화예술대학교,사진예술과,null
,79nwd,12345678,전성재,2870-6-27@naver.com,010-3821-3821,서울시 정왕동,동아방송예술대학교,사진학과,null
,foa0c,12345678,357파트먼트,2501-12-29@test.com,010-4702-4702,서울시 정왕동,추계예술대학교,사진영상드론학과,null
,6dqgm,12345678,동아일보와 20인의 아티스트,2506-2-20@test.com,010-3472-3472,서울시 정왕동,국제예술대학교,공연사진학과,null
,rnjxy,12345678,박소운,3684-11-22@naver.com,010-8231-8231,서울시 정왕동,백제예술대학교,풍경사진학과,null
,2tmd1,12345678,도한결,2570-11-2@test.com,010-2308-2308,서울시 정왕동,추계예술대학교,공연사진학과,null
,7iqx4,12345678,라콘,2973-11-26@gmail.com,010-9458-9458,서울시 정왕동,예원예술대학교,사진예술과,null
,jnpky,12345678,국형걸,3217-2-23@test.com,010-5960-5960,서울시 정왕동,부산예술대학교,풍경사진학과,null
,jn7x9,12345678,디지페디,2913-7-25@gmail.com,010-1306-1306,서울시 정왕동,동아방송예술대학교,광고사진영상학과,null
,nyc0v,12345678,전아현,3445-2-2@test.com,010-8274-8274,서울시 정왕동,동아방송예술대학교,인물사진학과,null
,2gxzd,12345678,성립,3041-8-28@test.com,010-5096-5096,서울시 정왕동,국제예술대학교,사진예술과,null
,7f46c,12345678,팡팡팡 그래픽 실험실,2789-7-22@test.com,010-7152-7152,서울시 정왕동,대구예술대학교,사진예술과,null
,0928r,12345678,사이,2477-12-30@gmail.com,010-1756-1756,서울시 정왕동,계원예술대학교,사진영상드론학과,null
,j351r,12345678,맛깔손,3611-6-12@gmail.com,010-4032-4032,서울시 정왕동,백제예술대학교,공연사진학과,null
,8pryk,12345678,미래,3770-3-18@naver.com,010-8132-8132,서울시 정왕동,백석예술대학교,공연사진학과,null
,dvtfe,12345678,이기찬,2898-6-12@gmail.com,010-4672-4672,서울시 정왕동,계원예술대학교,풍경사진학과,null
,btvin,12345678,김도현,3688-9-3@test.com,010-5430-5430,서울시 정왕동,백제예술대학교,풍경사진학과,null
,ntslm,12345678,Median Amb,2372-5-25@naver.com,010-4870-4870,서울시 정왕동,예원예술대학교,광고사진영상학과,null
,vn5bj,12345678,기생충,2651-7-11@test.com,010-0746-0746,서울시 정왕동,대구예술대학교,공연사진학과,null
,3fqjn,12345678,한지훈,3301-5-12@naver.com,010-5723-5723,서울시 정왕동,서울예술대학교,풍경사진학과,null
,l2uag,12345678,크래프트 콤바인,3231-10-13@gmail.com,010-4317-4317,서울시 정왕동,계원예술대학교,스냅사진학과,null
,1qaxo,12345678,장가노,3762-5-22@naver.com,010-7104-7104,서울시 정왕동,서울예술대학교,광고사진영상학과,null
,fdcnp,12345678,윤소현,3410-4-17@test.com,010-4078-4078,서울시 정왕동,예원예술대학교,광고사진영상학과,null
,e2mwh,12345678,데비안,3581-9-13@test.com,010-5761-5761,서울시 정왕동,서울예술대학교,공연사진학과,null
,ia3gk,12345678,노브라,3120-5-30@gmail.com,010-5876-5876,서울시 정왕동,국제예술대학교,사진영상드론학과,null
,nigvx,12345678,이현욱,2194-9-20@test.com,010-8507-8507,서울시 정왕동,백석예술대학교,인물사진학과,null
,bpnrl,12345678,강영민,2502-3-19@naver.com,010-5679-5679,서울시 정왕동,백석예술대학교,사진영상드론학과,null
